{"CarolinaWahlby": {"2": {"f1_high": 0.11222594220251919, "recall": 0.11146401106290255, "precision": 0.1131202913521254, "f1_score": 0.11222594220251919}}, "MartinHjelmare": {"4": {"f1_high": 0.7750659190981487, "recall": 0.7067726374523104, "precision": 0.8987731627915269, "f1_score": 0.7344068926433437}, "test": {"f1_high": 0.65, "recall": 0.2333333333333333, "precision": 0.3, "f1_score": 0.26}}}