{"MartinHjelmare": {"test": {"f1_score": 0.26, "recall": 0.2333333333333333, "precision": 0.3, "f1_high": 0.65}}, "jdkangas": {"3": {"recall": "auto-scoring failed", "f1_score": "auto-scoring failed", "precision": "auto-scoring failed"}, "2": {"recall": 0.30207248891235583, "f1_score": 0.3672987786747545, "precision": 0.6509627501160717, "f1_high": 0.3672987786747545}}, "pqiu": {"3": {"f1_score": 0.34250409063386655, "recall": 0.4509947332702842, "precision": 0.371645682029457, "f1_high": 0.34250409063386666}, "2": {"f1_score": 0.4791737026161018, "recall": 0.44628361839008424, "precision": 0.5627958611462606, "f1_high": 0.47917370261610187}}, "Dapid": {"3": {"f1_score": "auto-scoring failed", "recall": "auto-scoring failed", "precision": "auto-scoring failed"}, "2": {"f1_score": 0.21016645616470728, "recall": 0.5106574855601972, "precision": 0.30490069434309525, "f1_high": 0.21017510669161252}}}
