{"MartinHjelmare": {"test": {"precision_old": 0.75, "f1_score": 0.26, "precision": 0.3, "recall": 0.2333333333333333, "recall_old": 0.5833333333333333, "f1_score_old": 0.65}}}