{"pqiu": {"2": {"f1_score": 0.4791737026161017, "recall": 0.44628361839008424, "f1_high": 0.47917370261610187, "precision": 0.5627958611462606}, "3": {"f1_score": 0.34250409063386666, "recall": 0.4509947332702841, "f1_high": 0.34250409063386666, "precision": 0.371645682029457}}, "Dapid": {"2": {"f1_score": 0.21016645616470728, "recall": 0.510657485560197, "f1_high": 0.21017510669161252, "precision": 0.30490069434309525}, "3": {"f1_score": "auto-scoring failed", "recall": "auto-scoring failed", "precision": "auto-scoring failed"}}, "MartinHjelmare": {"test": {"f1_score": 0.26, "recall": 0.2333333333333333, "f1_high": 0.65, "precision": 0.3}}, "jdkangas": {"2": {"f1_score": 0.3672987786747545, "recall": 0.3020724889123558, "f1_high": 0.3672987786747545, "precision": 0.6509627501160716}, "3": {"f1_score": "auto-scoring failed", "recall": "auto-scoring failed", "precision": "auto-scoring failed"}}, "kaisli": {"2": {"f1_score": "auto-scoring failed", "recall": "auto-scoring failed", "precision": "auto-scoring failed"}}}
