{"CarolinaWahlby": {"2": {"precision": 0.1131202913521254, "f1_score": 0.11222594220251919, "recall": 0.11146401106290255, "f1_high": 0.11222594220251919}}, "MartinHjelmare": {"4": {"precision": 0.9505816149255987, "f1_score": 0.7750659190981487, "recall": 0.7146092512625795, "f1_high": 0.7750659190981487}, "test": {"precision": 0.3, "f1_score": 0.26, "recall": 0.2333333333333333, "f1_high": 0.65}}}