{"CarolinaWahlby": {"2": {"f1_score": 0.11222594220251922, "recall": 0.11146401106290255, "f1_high": 0.11222594220251922, "precision": 0.11312029135212537}}, "MartinHjelmare": {"test": {"f1_score": 0.26, "recall": 0.2333333333333333, "f1_high": 0.65, "precision": 0.3}}}