{"Dapid": {"3": {"f1_score": "auto-scoring failed", "recall": "auto-scoring failed", "precision": "auto-scoring failed"}, "2": {"f1_high": 0.21017510669161252, "f1_score": 0.21016645616470722, "recall": 0.5106574855601971, "precision": 0.30490069434309525}}, "kaisli": {"2": {"f1_score": "auto-scoring failed", "recall": "auto-scoring failed", "precision": "auto-scoring failed"}}, "jdkangas": {"3": {"f1_score": "auto-scoring failed", "recall": "auto-scoring failed", "precision": "auto-scoring failed"}, "2": {"f1_high": 0.3672987786747545, "f1_score": 0.3672987786747545, "recall": 0.3020724889123558, "precision": 0.6509627501160717}}, "pqiu": {"3": {"f1_high": 0.34250409063386666, "f1_score": 0.34250409063386666, "recall": 0.4509947332702842, "precision": 0.3716456820294571}, "2": {"f1_high": 0.47917370261610187, "f1_score": 0.4791737026161017, "recall": 0.4462836183900843, "precision": 0.5627958611462606}}, "MartinHjelmare": {"test": {"f1_high": 0.65, "f1_score": 0.26, "recall": 0.2333333333333333, "precision": 0.3}}}
