{"MartinHjelmare": {"test": {"recall": 0.2333333333333333, "f1_high": 0.65, "precision": 0.3, "f1_score": 0.26}}, "Dapid": {"2": {"recall": 0.510657485560197, "f1_high": 0.21017510669161252, "precision": 0.30490069434309525, "f1_score": 0.21016645616470728}, "3": {"recall": "auto-scoring failed", "precision": "auto-scoring failed", "f1_score": "auto-scoring failed"}}, "pqiu": {"2": {"recall": 0.4462836183900842, "f1_high": 0.47917370261610187, "precision": 0.5627958611462607, "f1_score": 0.47917370261610187}, "3": {"recall": 0.4509947332702841, "f1_high": 0.34250409063386666, "precision": 0.371645682029457, "f1_score": 0.34250409063386666}}}
