{"Dapid": {"2": {"precision": 0.30490069434309525, "f1_score": 0.21016645616470722, "recall": 0.5106574855601971, "f1_high": 0.21017510669161252}, "3": {"precision": "auto-scoring failed", "f1_score": "auto-scoring failed", "recall": "auto-scoring failed"}}, "MartinHjelmare": {"test": {"precision": 0.3, "f1_score": 0.26, "recall": 0.2333333333333333, "f1_high": 0.65}}}
