{"MartinHjelmare": {"test": {"recall": 0.2333333333333333, "f1_score": 0.26, "precision": 0.3, "f1_high": 0.65}}, "Dapid": {"2": {"recall": 0.5106662566937453, "f1_score": 0.21017510669161252, "precision": 0.30490069434309525, "f1_high": 0.21017510669161252}, "3": {"recall": "auto-scoring failed", "f1_score": "auto-scoring failed", "precision": "auto-scoring failed"}}}
