{"CarolinaWahlby": {"2": {"f1_high": 0.1122259422025192, "f1_score": 0.1122259422025192, "recall": 0.11146401106290255, "precision": 0.11312029135212535}}, "MartinHjelmare": {"test": {"f1_high": 0.65, "f1_score": 0.26, "recall": 0.2333333333333333, "precision": 0.3}}}