{"MartinHjelmare": {"test": {"f1_high": 0.65, "f1_score": 0.26, "recall": 0.2333333333333333, "precision": 0.3}}, "Dapid": {"2": {"f1_high": 0.21017510669161252, "f1_score": 0.21017510669161252, "recall": 0.5106662566937453, "precision": 0.3049006943430953}, "3": {"f1_score": "auto-scoring failed", "recall": "auto-scoring failed", "precision": "auto-scoring failed"}}}
