{"MartinHjelmare": {"test": {"precision": 0.3, "f1_score": 0.26, "recall": 0.2333333333333333, "precision_old": 0.75, "recall_old": 0.5833333333333333, "f1_score_old": 0.65}}}